neighbourhood_group,neighbourhood,room_type,price,minimum_nights,number_of_reviews,availability_365
4,190,1,100,3,35,2
3,36,1,225,3,2,221
5,181,2,35,4,10,323
3,210,1,195,5,7,6
2,14,1,130,3,34,147
3,96,1,190,4,0,158
4,16,1,240,2,0,159
2,31,2,40,3,23,357
3,207,2,40,3,3,171
4,55,2,95,1,0,177
2,14,1,165,5,8,81
2,92,2,89,1,0,180
3,202,1,189,4,8,7
3,95,1,175,5,1,89
2,29,1,125,2,22,122
2,29,2,60,2,32,78
2,14,1,105,4,22,11
3,202,3,35,1,14,22
4,118,1,110,2,2,21
3,95,2,80,1,28,5
2,14,2,45,2,1,6
3,96,2,199,1,20,359
3,38,1,225,3,3,189
1,219,2,80,2,7,70
2,152,1,185,3,1,117
3,62,3,49,2,23,10
3,62,2,85,1,18,357
2,215,1,220,5,10,349
2,191,2,35,6,26,160
5,177,2,100,3,0,90
3,95,1,245,3,28,272
3,120,2,85,2,30,344
3,36,2,61,5,25,20
3,87,2,59,5,4,10
2,29,2,100,3,1,40
4,182,3,34,5,2,365
3,138,3,150,3,17,14
2,29,2,69,2,34,319
2,215,2,79,1,1,89
3,128,2,233,2,0,163
3,95,2,58,1,17,289
3,35,1,270,5,0,46
2,26,1,275,5,16,12
3,120,1,250,5,1,87
3,120,1,106,1,9,364
4,69,2,59,3,8,73
3,113,1,160,3,36,266
3,120,2,69,3,1,270
3,95,2,215,5,3,345
5,71,1,78,2,11,38
2,29,2,63,2,10,127
3,95,2,95,2,5,178
4,13,2,60,1,9,84
3,210,2,202,2,0,84
2,215,1,160,2,17,3
2,52,2,60,3,0,16
2,217,2,55,2,26,75
2,29,2,75,3,5,365
2,52,1,65,2,6,4
2,77,1,100,3,17,89
3,202,2,108,1,4,113
2,42,2,65,6,1,19
1,119,1,159,2,7,118
2,52,1,85,3,10,149
3,74,2,60,2,1,18
2,42,1,100,1,6,80
2,215,1,100,3,3,3
2,29,2,60,1,0,97
2,14,1,97,1,27,62
1,11,1,101,2,11,46
2,27,2,120,3,3,365
2,14,1,126,1,11,52
4,78,2,45,1,1,339
2,29,2,50,2,19,5
2,152,1,150,1,1,8
2,14,1,165,3,0,273
2,29,2,85,1,1,177
2,52,1,52,1,13,88
2,160,3,40,1,0,211
4,184,1,175,1,15,68
2,14,2,72,6,6,66
3,7,2,100,1,1,339
2,14,1,180,2,9,330
2,61,2,46,3,10,311
2,31,1,110,2,2,87
2,29,2,50,1,4,160
2,14,2,60,1,6,77
4,106,1,170,3,8,336
2,14,1,108,1,35,158
4,106,2,65,1,3,357
2,20,1,150,2,19,1
2,14,2,40,1,16,310
5,162,1,109,3,21,121
3,62,2,89,1,23,285
3,203,2,75,1,1,188
2,52,1,110,2,26,267
2,215,2,79,1,0,342
3,203,1,120,5,20,34
2,86,1,121,5,1,45
4,218,1,99,5,7,319
2,14,2,89,3,2,176
2,29,1,110,3,23,67
3,95,1,71,2,24,55
3,95,2,60,2,33,211
3,96,1,225,3,20,68
2,14,1,165,4,9,201
3,104,2,70,1,7,73
2,92,1,94,3,28,11
4,5,1,125,3,21,345
2,29,2,53,2,19,177
3,65,1,250,2,14,364
4,80,2,125,2,3,364
3,35,2,159,1,0,360
2,215,1,130,2,1,13
1,206,2,39,1,10,15
3,210,1,85,3,5,16
2,29,2,70,1,14,78
2,29,2,45,2,25,54
2,61,1,75,1,27,185
2,42,1,250,3,15,43
2,8,1,100,3,25,353
2,109,2,100,1,28,21
2,191,2,80,2,1,65
3,113,1,165,3,2,2
3,93,1,275,4,18,85
2,92,2,185,1,8,123
4,80,2,50,4,0,55
2,64,1,225,3,3,136
3,120,2,123,1,7,146
2,24,3,100,3,9,85
3,202,1,210,5,3,136
3,65,2,125,4,21,52
3,207,2,50,1,4,71
2,52,1,85,5,1,51
2,215,1,262,2,5,118
2,52,2,100,1,27,365
2,159,2,60,5,0,18
2,14,3,75,1,15,123
3,36,2,89,2,0,10
2,14,2,65,2,24,310
4,78,2,70,2,0,95
3,95,2,60,1,1,268
4,5,1,130,1,9,162
3,95,1,269,1,29,1
3,96,2,250,2,17,130
2,14,2,75,2,0,87
1,48,1,60,3,1,20
3,128,3,99,1,9,15
3,65,2,115,2,6,23
4,186,1,246,2,3,359
2,14,2,55,1,8,138
2,191,1,150,3,5,3
2,29,1,65,6,2,19
3,96,1,269,4,6,43
2,29,1,163,3,20,309
2,90,1,120,5,0,23
1,119,2,100,2,2,345
3,202,2,70,2,24,5
4,111,1,250,3,5,152
2,14,2,75,2,0,14
2,14,2,100,1,0,359
3,179,2,134,1,3,70
2,14,2,62,2,18,356
2,29,3,75,1,25,155
3,179,1,173,5,2,3
3,95,2,109,1,1,41
2,14,1,175,2,20,357
2,29,2,40,1,0,33
2,215,1,189,2,21,70
3,170,1,160,4,9,33
2,92,1,174,2,31,12
4,218,2,90,2,9,180
3,62,1,115,2,3,1
3,128,2,105,2,17,190
3,207,1,120,2,0,37
3,62,1,169,3,7,242
2,29,2,53,2,10,158
2,27,2,70,2,3,325
3,65,2,170,5,22,143
3,36,1,150,4,14,18
2,52,1,105,2,17,245
4,118,2,89,1,0,358
3,96,1,97,2,1,8
4,60,2,49,1,1,48
3,95,2,85,1,29,359
2,92,2,249,3,3,60
2,81,1,160,2,12,71
2,215,1,200,3,16,291
2,14,2,48,1,14,249
3,120,2,95,5,7,118
4,218,2,50,1,10,273
3,74,1,228,2,8,348
3,96,2,150,3,2,8
4,78,2,50,1,4,333
2,14,2,49,2,11,254
3,202,1,225,3,0,166
4,12,2,49,3,29,96
3,179,2,100,5,7,16
3,96,1,275,4,0,59
4,218,2,80,3,4,342
2,163,1,125,2,1,325
2,52,2,100,3,3,89
4,55,2,85,1,31,84
2,86,2,129,1,9,338
4,190,1,78,2,7,129
2,61,2,100,2,4,360
3,120,1,140,3,33,11
4,184,1,100,2,0,13
3,87,1,200,2,20,20
2,52,2,45,1,22,339
2,14,2,70,2,23,293
4,169,2,49,1,10,356
3,179,1,125,3,1,77
2,44,1,147,3,23,2
2,215,1,250,1,1,178
3,95,2,115,2,27,363
3,202,1,225,2,12,363
4,5,1,200,5,22,188
4,186,2,30,2,7,6
3,65,1,198,2,0,344
2,18,2,35,3,1,61
2,14,2,49,2,15,306
2,42,1,175,2,5,158
2,24,1,137,2,2,350
3,95,2,62,1,7,172
2,64,2,150,2,1,354
3,203,1,168,2,0,46
4,190,2,40,2,2,5
2,26,2,125,3,9,252
3,203,1,249,3,20,63
3,95,2,60,3,0,86
4,78,2,75,1,28,363
2,215,2,135,1,14,355
3,95,2,75,3,5,325
3,198,1,169,6,0,55
2,44,2,85,2,11,111
4,78,2,46,2,26,180
2,217,2,65,1,35,130
4,186,2,59,1,32,359
2,31,2,50,2,5,180
3,96,2,118,2,16,24
4,190,2,60,2,15,27
2,14,1,80,2,19,81
3,95,2,100,3,4,358
2,92,2,250,5,0,154
2,215,1,110,2,3,26
2,14,2,65,1,6,180
2,160,2,44,2,31,297
2,215,2,75,2,23,113
2,160,1,174,5,17,15
2,52,2,90,2,34,170
2,61,1,98,1,0,88
2,215,2,140,1,12,156
4,5,3,30,1,7,320
3,128,1,189,2,10,36
2,29,1,125,2,2,7
2,176,2,39,1,1,360
3,74,1,229,2,3,348
3,35,1,195,1,6,2
2,14,2,100,1,2,365
4,78,1,139,2,36,101
3,65,2,100,3,0,52
2,92,2,80,5,1,22
2,215,1,200,4,9,9
2,176,2,60,3,2,158
2,14,1,200,2,3,157
2,81,1,155,1,16,14
3,202,2,89,1,9,198
3,87,1,250,1,2,171
3,35,2,88,1,5,158
3,95,2,160,2,0,180
3,65,1,225,1,2,344
3,36,1,200,1,3,157
2,152,1,200,4,12,5
2,176,2,50,2,4,358
1,1,2,120,2,0,84
2,14,2,44,2,13,162
5,195,2,59,3,26,351
2,61,2,49,1,1,90
4,78,2,140,2,1,1
4,190,1,200,2,4,57
3,203,2,130,2,0,71
4,105,3,55,2,0,270
2,52,2,60,3,4,302
4,111,1,199,1,0,364
3,93,1,250,3,14,297
2,52,1,260,2,1,343
3,207,1,120,4,13,42
3,207,2,50,3,2,5
4,182,1,72,3,29,293
3,65,2,58,4,20,10
2,52,2,75,1,0,58
2,53,2,80,1,10,32
1,214,2,55,2,0,35
2,92,2,53,5,1,11
2,176,3,20,2,1,342
2,32,1,125,1,1,34
2,52,1,200,1,15,2
2,29,2,51,2,15,111
2,14,2,65,2,4,347
3,93,1,250,2,8,310
4,110,3,43,1,8,362
3,170,2,150,1,0,88
2,191,2,49,1,3,155
2,14,2,75,2,2,33
3,95,1,91,1,0,50
4,124,1,89,3,27,143
3,62,2,100,1,0,343
4,118,1,180,1,1,334
3,36,2,155,2,3,50
3,96,1,220,5,7,22
2,27,2,60,6,26,90
2,159,1,160,5,6,28
3,202,1,70,2,16,4
3,65,1,150,2,8,132
3,87,1,140,2,20,29
3,131,2,109,1,5,148
3,179,1,275,5,6,9
2,52,2,45,2,0,100
2,18,1,123,3,3,147
2,14,2,65,3,5,161
3,62,2,55,5,0,179
3,210,1,250,1,0,76
3,203,1,199,5,12,12
3,96,2,98,3,0,7
2,82,1,115,4,3,295
3,96,2,199,1,4,363
2,32,2,88,1,11,85
2,61,2,89,1,2,365
3,128,1,199,1,0,14
2,61,2,75,2,5,40
2,215,1,250,3,25,188
3,120,2,125,3,14,36
2,14,1,200,2,12,9
3,192,2,100,1,0,358
2,52,2,80,2,10,2
3,95,1,165,2,21,347
3,62,2,95,3,24,334
3,202,1,140,2,11,3
2,160,2,125,1,1,87
2,29,1,150,4,32,92
2,29,2,70,3,7,11
2,29,2,70,1,5,81
3,170,2,85,1,20,104
2,61,2,38,2,11,365
4,167,2,80,2,0,88
3,35,1,89,2,0,37
4,5,2,75,1,10,357
3,207,2,45,1,23,217
3,138,2,112,3,23,18
3,35,1,250,5,0,60
2,32,2,125,1,8,191
3,203,3,60,1,34,363
4,167,1,200,2,1,11
2,14,1,215,2,5,18
2,215,2,85,3,15,19
3,207,2,55,2,1,10
3,96,2,140,4,24,355
4,106,2,50,1,1,36
3,95,2,44,2,12,45
4,5,2,150,2,2,87
3,62,1,140,2,31,272
4,169,1,99,4,21,133
3,203,1,240,3,0,58
1,132,2,50,1,0,363
4,55,2,55,1,14,123
3,138,2,153,1,25,32
2,86,2,95,1,3,221
3,62,2,74,2,32,195
2,29,2,40,5,1,364
4,118,2,101,1,0,365
2,14,1,159,3,12,285
4,114,2,34,1,3,70
3,62,3,89,1,2,88
3,95,2,60,1,4,209
2,109,3,250,3,0,365
4,78,2,32,1,3,285
2,14,1,200,3,0,41
3,62,1,120,5,4,285
4,164,1,239,2,0,299
2,14,2,65,5,30,178
2,31,2,80,5,0,90
2,14,2,89,2,24,339
3,120,2,228,1,2,365
3,65,2,75,2,19,303
3,95,2,58,1,9,248
3,128,2,100,1,3,269
4,78,1,119,2,4,311
3,146,1,145,5,3,7
3,128,2,145,2,29,74
3,87,1,250,4,23,11
2,77,2,40,1,16,151
2,215,2,85,1,13,11
4,190,2,65,2,19,356
2,52,2,39,1,0,14
3,62,2,80,2,2,11
3,93,1,240,3,15,45
3,93,1,225,3,8,357
2,14,2,79,4,1,359
1,25,2,45,5,30,318
3,131,1,150,5,3,25
4,190,1,100,3,4,326
2,183,2,60,3,27,308
5,157,2,52,1,3,365
3,74,2,90,2,1,5
3,128,2,198,2,23,329
2,29,2,75,5,0,250
1,137,1,148,3,7,358
3,104,2,80,3,6,58
4,5,1,150,5,0,348
3,207,2,74,3,0,3
2,160,2,100,2,24,358
2,109,3,45,1,2,22
3,74,1,203,2,7,338
2,215,2,120,2,11,117
3,210,1,260,3,2,10
2,215,2,70,5,22,359
4,5,2,130,2,5,6
3,96,3,105,6,10,363
1,40,1,95,2,27,153
3,203,2,110,4,7,125
3,62,2,80,3,12,332
2,215,1,120,6,3,1
2,163,1,90,4,32,107
4,5,1,169,3,0,151
3,35,2,149,1,0,359
4,106,2,85,1,23,114
2,215,1,110,2,0,30
2,29,2,70,3,4,21
3,62,1,165,1,23,102
3,145,1,225,1,8,179
3,35,2,129,1,0,359
2,14,2,100,1,0,178
4,186,2,70,2,3,105
2,215,1,200,2,32,8
3,210,2,89,1,13,7
2,21,1,120,2,35,346
3,202,1,150,2,3,164
2,14,2,200,2,0,89
2,64,2,57,3,1,90
1,211,2,65,2,2,135
2,61,1,100,2,0,5
3,35,2,109,1,0,326
2,92,2,50,2,11,157
2,21,2,46,2,2,180
3,35,1,175,3,19,194
2,215,2,70,2,5,2
4,55,2,65,1,20,20
4,165,1,175,2,7,345
3,120,2,200,3,8,333
2,160,2,55,1,12,58
2,14,2,72,5,0,88
2,215,2,85,2,35,365
2,21,1,100,2,10,24
2,14,1,250,4,36,202
4,51,3,37,1,18,365
2,159,2,75,1,0,188
3,74,2,119,1,27,5
3,95,2,65,2,3,68
4,78,2,140,2,14,57
2,191,2,150,2,0,363
3,74,1,220,2,4,331
3,95,1,200,2,20,11
5,41,3,150,2,2,312
3,35,1,249,1,5,125
2,14,1,95,1,35,28
3,207,2,60,3,5,93
2,31,1,91,1,28,172
2,29,2,74,1,26,34
3,93,1,250,1,0,111
4,78,2,66,2,19,312
4,190,2,129,1,10,275
2,215,1,230,2,1,15
2,215,3,37,1,12,362
3,202,2,99,2,0,146
3,113,2,69,1,24,35
1,112,1,95,1,4,84
4,161,1,69,1,34,170
3,62,3,60,1,5,1
2,75,2,50,1,0,265
2,14,2,50,3,6,10
3,95,2,100,2,5,135
2,217,1,267,2,14,1
3,95,1,80,2,2,189
2,92,2,179,3,13,81
2,52,1,245,3,11,280
2,215,2,80,3,4,280
2,29,2,55,1,0,276
3,95,1,170,5,25,177
2,86,1,195,2,6,330
3,202,1,130,3,0,42
2,217,2,45,2,26,74
4,5,2,97,2,0,249
3,207,2,50,2,9,170
3,145,1,179,1,0,364
2,77,2,130,4,3,364
3,95,1,150,2,0,40
4,221,1,110,2,9,8
2,81,2,70,2,9,3
2,29,1,95,4,21,98
2,160,2,62,1,0,229
3,35,2,85,1,1,261
2,42,2,59,3,10,150
2,14,2,75,1,25,170
2,215,2,90,1,9,245
4,167,2,30,3,13,65
3,35,1,170,3,6,170
3,96,2,100,1,0,167
4,190,2,80,1,34,262
4,184,2,70,2,12,89
3,62,2,75,2,3,332
3,65,2,110,2,2,188
2,215,1,200,2,14,330
1,209,1,165,2,4,310
3,65,1,200,3,3,10
3,203,1,175,2,6,1
2,215,2,90,3,4,11
3,128,1,120,2,8,328
3,128,1,145,5,16,173
1,49,2,50,1,21,188
3,62,2,90,4,1,6
2,14,2,75,4,17,9
1,17,2,29,4,5,360
4,186,2,40,2,0,84
2,14,2,60,2,21,75
3,202,2,129,3,4,15
3,128,1,135,4,9,314
3,35,2,149,1,0,351
2,52,2,82,1,21,89
2,215,1,175,1,11,37
1,48,2,85,2,11,363
2,14,2,50,1,0,144
3,74,1,227,2,8,356
4,60,2,65,1,22,349
3,120,1,200,2,3,13
2,109,2,75,2,8,312
2,92,1,195,1,0,12
2,26,1,125,1,0,24
2,92,2,119,1,1,365
2,29,2,75,3,3,352
4,98,2,55,2,16,178
2,75,2,80,2,25,68
3,96,3,80,1,24,46
1,153,1,100,1,8,51
3,74,2,220,1,1,365
3,95,2,65,3,17,280
5,3,1,250,2,21,333
2,29,1,160,4,21,189
3,95,2,95,2,31,172
2,215,1,154,3,5,269
2,14,2,65,2,22,288
2,61,1,69,2,36,229
2,42,1,100,5,1,243
3,65,2,125,2,1,338
2,52,1,250,4,6,250
2,92,2,60,5,5,133
3,122,2,44,5,18,349
3,65,2,250,1,1,365
3,96,2,120,1,31,321
2,14,1,131,2,27,96
3,74,1,198,2,7,346
2,14,2,44,2,26,118
2,92,1,250,3,0,62
1,135,1,120,3,5,45
2,92,2,105,3,8,12
3,35,1,150,4,21,5
2,86,1,200,2,10,218
2,215,1,225,3,25,157
2,14,2,45,4,0,7
2,61,1,159,2,1,191
2,92,1,245,3,0,280
2,215,1,259,2,4,345
2,14,2,100,2,6,39
2,29,2,58,5,31,297
2,215,2,60,3,22,46
2,14,1,97,2,19,340
2,14,2,52,2,29,335
2,14,1,250,1,29,347
2,29,2,45,5,5,3
4,184,1,150,3,6,176
3,207,2,54,1,0,6
2,14,2,65,3,3,342
4,5,2,75,2,4,36
2,90,1,80,2,3,16
4,5,2,60,5,4,150
2,139,1,152,2,3,12
2,52,1,67,1,0,300
4,105,2,75,5,30,180
1,156,2,145,1,7,360
3,96,1,150,3,12,1
2,44,1,198,3,1,5
2,217,2,135,2,21,272
3,95,2,150,1,17,363
4,218,1,250,5,0,32
2,215,2,70,2,16,3
2,42,2,75,3,11,318
2,215,2,75,3,17,355
2,92,2,199,1,0,180
2,52,2,120,1,0,177
2,52,1,190,1,9,364
2,77,1,130,2,35,357
4,15,2,200,2,4,332
3,96,2,95,3,9,94
3,95,2,86,1,8,325
2,109,1,100,1,2,268
2,29,2,70,3,2,189
4,118,1,71,3,32,77
4,60,2,45,1,0,45
3,95,2,70,2,0,312
2,183,1,210,3,5,3
3,95,3,34,1,17,4
4,110,2,150,1,0,363
2,75,1,115,3,11,165
2,29,2,39,1,20,14
3,74,1,228,2,1,357
3,203,2,60,1,3,130
3,95,2,55,3,11,1
4,78,2,80,1,10,169
2,81,1,125,3,4,48
2,52,1,150,3,0,73
2,215,1,175,2,6,176
2,21,3,30,5,7,365
2,14,2,81,1,9,105
2,64,3,25,2,26,50
2,160,1,90,2,4,27
3,36,2,71,1,0,259
3,202,2,150,5,5,272
2,46,1,94,5,0,5
2,215,2,70,6,1,287
4,165,2,66,1,30,131
2,14,1,95,2,14,275
2,14,3,45,2,10,311
2,14,1,125,5,23,1
3,202,1,119,3,3,174
3,95,2,200,2,21,38
2,14,2,55,1,25,74
2,52,2,62,2,23,172
2,215,2,90,2,15,6
4,23,2,50,1,11,342
3,96,1,200,2,2,5
3,95,2,70,1,3,71
3,203,2,40,1,0,1
2,14,2,90,1,1,321
3,95,2,250,1,0,179
3,202,1,125,3,6,42
3,65,1,150,1,4,5
3,74,1,135,6,10,160
5,143,2,40,1,0,341
2,29,2,63,5,6,133
2,29,2,63,1,7,22
4,4,3,39,1,0,43
2,14,1,225,3,34,258
3,116,1,255,3,1,233
3,203,1,200,6,22,354
3,203,2,65,1,4,364
3,95,2,67,3,0,88
4,57,2,45,1,12,226
1,134,3,80,1,0,365
4,78,2,35,1,0,358
3,96,1,265,1,18,46
3,62,1,225,2,31,160
2,54,1,150,3,3,7
2,29,1,150,5,30,284
3,96,2,209,1,25,84
2,14,2,40,3,3,89
3,87,2,250,3,33,167
2,215,1,135,5,14,44
2,53,1,150,1,0,9
5,3,1,125,2,8,353
3,202,3,75,4,10,329
3,128,1,199,3,14,3
2,26,1,125,2,7,47
2,176,3,40,3,1,281
2,215,2,84,3,10,4
2,61,1,115,1,15,48
3,104,2,59,2,11,29
3,65,1,180,5,1,32
3,207,2,85,4,0,55
4,5,2,60,1,2,249
3,95,1,112,3,22,313
2,215,2,50,5,1,11
3,207,1,160,1,3,75
4,172,1,100,1,33,171
4,5,2,60,2,1,51
5,123,1,80,1,4,140
3,96,2,129,2,13,176
1,201,2,60,2,7,156
3,120,2,125,2,28,255
3,131,2,73,6,11,90
3,202,1,275,6,0,73
2,75,2,70,3,1,105
4,5,2,65,5,10,68
2,215,2,150,2,7,48
2,14,2,55,2,16,311
2,29,1,160,3,7,23
4,190,1,249,1,6,365
4,78,2,80,1,15,288
3,62,3,65,2,27,11
3,128,1,175,3,5,230
2,61,2,60,2,6,326
4,80,1,90,1,35,310
3,96,2,120,1,18,249
2,215,2,65,2,22,173
3,207,1,90,3,7,6
2,46,2,55,2,7,188
2,14,1,139,1,10,20
3,192,2,100,1,4,359
3,138,1,159,1,0,201
2,32,1,245,3,24,13
2,215,2,60,2,23,60
2,215,2,99,2,9,46
4,124,2,68,1,0,133
2,14,2,65,2,9,280
3,170,2,85,3,34,195
2,191,2,50,2,33,20
2,215,1,150,3,6,4
2,29,1,120,3,0,177
2,176,2,70,3,0,83
2,42,2,90,1,9,144
2,31,1,100,2,11,167
2,75,2,35,3,17,59
1,197,3,50,1,7,158
4,184,2,100,5,1,365
2,42,2,70,3,1,4
4,213,1,140,1,9,204
4,5,1,115,2,2,80
3,62,1,200,5,7,9
2,52,2,70,1,2,73
2,14,1,100,2,25,65
3,62,2,95,2,27,33
2,52,1,105,1,7,6
4,190,2,65,2,13,341
2,14,2,180,5,12,189
3,210,1,240,4,18,24
2,163,1,199,2,0,11
3,95,2,49,1,11,180
2,19,1,49,3,20,164
3,95,1,200,5,0,39
3,35,1,240,2,0,6
4,5,1,199,1,12,283
3,199,1,250,3,21,148
3,207,1,90,1,15,170
3,65,2,105,2,9,191
2,75,1,185,5,2,33
3,65,2,100,1,1,365
3,95,1,155,5,22,362
4,108,2,67,2,25,318
2,215,1,175,5,5,198
3,95,2,85,1,1,365
2,215,1,94,3,4,31
2,77,1,170,1,0,363
2,21,2,56,1,12,348
2,14,2,60,2,9,72
3,203,1,250,3,3,2
2,14,2,65,2,7,272
3,62,1,160,5,14,205
3,95,1,130,4,32,39
2,75,2,38,1,2,238
3,95,1,180,3,29,235
4,221,2,100,3,0,90
2,86,2,169,1,34,364
3,120,1,250,2,8,297
2,31,1,177,3,23,363
2,8,2,100,1,3,179
4,78,2,65,1,9,365
2,6,2,33,6,29,32
3,62,2,65,2,8,8
2,215,1,140,2,11,214
2,215,1,92,2,11,7
3,128,1,140,3,1,5
3,202,1,150,3,0,273
2,215,1,200,2,3,16
3,203,1,275,3,0,24
3,87,2,59,5,18,5
4,5,2,75,1,21,364
2,217,1,128,3,10,3
2,215,2,93,1,25,234
3,146,1,100,3,0,13
3,203,1,150,2,16,220
3,96,1,149,2,7,155
3,95,1,160,6,8,43
3,202,2,85,2,0,30
3,207,2,70,1,2,145
2,129,1,120,1,2,126
1,156,3,28,1,3,363
5,181,2,100,2,6,86
2,14,2,85,3,8,63
3,96,2,99,1,3,358
2,215,2,43,1,2,249
2,215,2,52,3,3,68
3,65,1,197,1,0,33
3,65,2,67,1,6,9
3,95,2,69,3,11,167
3,65,1,250,5,3,263
2,52,2,110,3,7,152
3,96,1,200,3,5,13
4,106,2,90,1,12,86
3,62,1,110,3,3,3
4,5,2,90,1,7,49
4,186,1,130,2,17,352
2,14,2,60,6,8,144
2,215,2,95,2,0,211
3,192,2,100,1,0,356
3,202,1,140,2,2,105
2,14,1,170,3,5,66
3,202,2,89,4,7,188
3,207,2,50,2,1,25
3,113,1,180,4,2,4
3,96,1,134,1,33,20
4,69,2,80,1,3,317
2,14,2,40,2,4,2
2,14,2,150,1,36,29
2,14,1,150,1,0,359
2,75,1,90,2,0,10
3,120,2,99,1,7,356
2,14,1,175,3,1,365
4,4,1,130,2,0,215
4,218,2,45,5,15,238
3,202,2,90,2,23,17
3,95,1,78,1,27,33
3,210,1,229,2,0,10
3,65,2,100,5,8,128
1,125,1,80,5,12,91
2,14,3,35,1,3,77
3,62,1,180,1,17,334
3,95,2,215,5,7,335
3,95,2,90,1,0,121
3,96,1,170,1,4,3
3,207,2,60,1,13,316
2,61,2,48,2,9,4
2,215,2,49,2,2,16
2,81,1,104,2,7,2
3,96,1,250,3,1,158
3,203,2,90,2,2,43
3,202,1,149,6,0,82
2,14,2,100,1,2,311
3,65,1,100,3,18,20
2,29,2,200,1,0,365
2,215,1,160,2,18,358
3,95,2,85,1,19,365
3,96,1,150,1,1,5
2,159,1,115,5,2,19
1,40,2,46,2,3,179
2,24,2,100,2,7,31
2,14,1,87,1,0,9
2,14,1,170,2,0,89
3,96,3,60,1,20,348
3,207,1,99,3,5,365
3,192,2,100,1,3,318
3,104,1,140,3,5,8
2,52,2,70,2,12,120
2,14,1,200,4,0,310
2,14,1,120,4,1,10
1,132,1,42,2,18,6
3,74,1,250,2,2,335
3,207,1,150,1,32,358
4,69,2,89,1,2,33
4,106,2,100,2,0,179
1,79,2,39,3,1,180
3,74,1,235,2,7,306
3,36,2,68,1,7,54
2,215,2,150,2,7,20
1,25,2,50,1,14,206
2,52,1,200,5,3,157
2,14,2,48,4,7,2
2,53,2,250,3,0,364
4,80,2,65,4,20,133
4,78,1,99,1,3,357
4,161,1,68,2,33,282
2,52,1,169,4,0,324
2,29,2,40,1,0,364
2,215,2,95,2,4,28
1,1,2,142,1,30,48
2,32,1,150,2,8,196
3,203,2,200,3,0,114
4,5,2,100,3,0,343
3,36,2,85,1,14,332
3,120,1,250,2,0,107
2,215,1,200,3,17,67
2,31,2,88,2,12,180
3,95,2,70,1,0,90
1,153,1,69,5,0,55
2,52,2,58,3,24,6
2,14,2,150,1,0,365
2,14,2,275,3,20,257
4,164,2,70,1,0,112
2,64,2,30,1,0,174
3,62,1,180,1,21,87
4,78,2,89,1,4,179
2,215,2,60,2,9,87
3,96,2,179,1,12,175
3,95,2,170,2,17,88
2,163,1,100,1,0,43
3,74,1,230,2,5,346
2,53,2,80,2,17,353
2,215,2,50,1,12,13
3,202,1,115,3,9,19
2,64,2,40,1,7,364
3,65,2,95,3,36,9
3,35,1,189,1,7,2
2,52,2,41,1,0,66
3,62,2,150,1,0,265
2,42,1,115,2,4,46
3,95,2,100,1,8,253
4,45,1,150,2,6,336
4,182,2,60,3,2,180
3,93,1,245,3,18,307
2,159,2,125,4,16,339
2,14,1,250,2,6,179
2,92,2,50,2,36,232
4,5,2,65,1,11,300
2,24,2,60,1,18,343
1,25,2,45,2,21,280
4,161,3,41,1,11,125
2,14,2,99,3,16,360
3,96,2,98,6,2,4
4,218,2,89,3,29,355
2,215,2,65,2,13,9
2,29,2,80,1,34,207
2,29,2,40,2,31,36
2,8,1,245,3,18,255
4,221,2,125,1,0,90
4,4,1,200,2,18,202
3,202,2,99,1,21,82
2,42,2,95,2,10,22
2,75,2,88,2,5,86
4,5,2,52,2,8,22
3,62,1,185,1,24,314
3,65,2,125,1,19,230
2,50,1,101,5,2,323
2,24,1,119,1,19,135
3,96,1,245,5,8,13
4,106,2,165,1,0,355
3,35,1,199,3,36,293
2,75,3,20,1,0,363
3,131,2,50,5,0,24
2,29,2,39,1,13,89
2,75,1,100,3,4,69
2,61,2,70,4,0,88
2,29,2,125,1,0,175
2,205,1,200,2,0,1
2,52,1,66,2,18,44
4,23,2,135,1,0,309
3,62,1,180,2,3,41
4,164,1,268,2,2,5
2,29,2,65,4,24,317
3,202,2,69,3,0,30
3,138,2,150,1,0,82
2,92,2,55,1,21,47
4,169,1,150,2,14,97
3,74,1,229,2,2,331
3,96,1,220,1,3,52
4,118,2,35,1,16,95
4,5,2,80,3,3,365
3,74,1,240,2,6,340
4,5,2,45,2,13,53
4,190,2,98,2,1,88
3,36,2,99,3,30,147
2,215,1,245,3,16,66
2,75,2,75,1,7,133
2,14,1,150,2,2,177
3,62,1,95,3,4,88
4,184,2,95,5,1,90
2,129,1,60,2,2,224
4,13,2,60,1,0,342
3,74,3,65,1,0,357
3,65,1,189,1,13,338
2,215,2,60,2,14,14
3,203,2,150,2,5,20
2,42,1,120,2,28,294
4,55,2,80,4,32,303
4,5,1,84,1,0,90
2,152,2,150,2,36,293
4,55,1,62,5,3,6
2,14,1,165,3,10,158
3,202,2,70,3,31,345
2,215,1,217,3,24,14
3,65,2,85,2,10,306
3,202,1,189,1,1,365
2,215,1,199,3,0,99
1,40,2,70,1,3,360
2,215,1,215,2,8,77
3,95,2,100,1,36,365
2,92,2,75,1,16,280
3,65,1,158,1,16,70
2,215,1,100,6,1,7
2,215,1,199,2,29,174
2,14,1,240,1,33,83
4,60,2,70,2,2,266
2,160,1,150,2,8,30
4,106,1,79,1,0,167
2,215,1,150,2,6,137
2,14,2,150,5,0,66
2,215,1,175,2,21,313
4,118,2,85,3,0,250
4,5,1,150,1,7,25
4,5,2,80,2,26,364
2,191,2,52,3,5,281
3,210,1,250,3,2,265
3,210,1,200,2,0,6
2,191,2,45,1,6,32
3,192,2,149,4,22,65
2,176,1,119,1,12,140
3,207,2,70,1,11,97
3,202,1,128,1,11,30
4,78,2,63,1,22,347
2,109,1,49,5,21,34
3,65,1,250,4,0,4
2,14,1,200,2,4,344
2,92,1,190,2,5,5
2,92,2,100,1,5,163
3,36,1,91,5,2,1
2,215,1,78,4,2,14
2,191,2,37,3,10,6
3,202,2,147,1,25,10
2,14,1,139,1,10,7
1,148,2,51,1,10,271
2,191,1,175,4,12,142
2,50,1,190,1,1,2
3,113,1,200,3,3,13
4,78,2,49,1,19,48
3,113,2,150,2,2,45
4,78,2,99,1,4,365
3,93,1,157,3,1,169
3,179,1,162,2,18,247
3,96,2,180,3,0,365
3,95,2,60,2,8,80
3,207,1,115,2,16,81
2,14,1,190,1,3,269
2,160,1,200,5,4,1
2,14,1,92,1,9,21
2,8,2,53,1,22,83
2,215,1,265,2,4,89
2,215,2,75,3,4,101
3,192,2,169,2,33,340
2,29,1,119,3,12,50
4,5,1,83,2,1,16
3,203,2,95,6,11,219
3,116,2,85,5,26,160
2,176,2,39,3,18,1
3,65,2,119,2,3,2
3,65,2,90,3,1,5
3,120,2,90,4,1,90
3,36,2,89,1,13,164
2,183,1,199,2,31,220
3,131,2,87,1,8,365
4,78,2,48,4,14,171
3,210,1,144,1,0,110
2,109,2,60,3,20,62
3,96,2,166,1,0,343
4,218,2,45,1,4,3
3,202,1,140,2,4,354
4,218,3,35,1,11,53
2,53,2,31,1,14,210
2,32,2,130,3,7,48
3,96,2,207,1,3,82
2,29,2,70,5,6,99
2,77,2,175,2,4,43
3,202,2,100,2,0,89
3,95,2,75,3,14,20
2,52,2,60,3,0,179
2,14,3,27,1,4,89
2,29,1,100,2,16,55
2,14,1,227,1,17,362
4,55,2,60,1,3,129
3,120,1,85,5,4,282
4,124,2,60,1,0,90
3,96,1,180,2,2,2
2,14,1,195,2,2,1
2,215,1,200,1,14,336
2,52,1,245,2,1,326
4,164,2,55,1,0,106
1,1,2,36,2,2,81
1,66,2,75,2,1,365
4,164,1,268,3,1,173
4,69,1,99,4,5,5
2,21,2,50,1,2,365
2,29,1,225,3,7,359
3,113,3,39,2,2,326
2,14,2,150,2,5,37
2,92,1,230,2,6,272
2,81,1,180,2,15,4
3,128,1,250,2,33,7
3,96,2,180,4,10,365
3,62,2,180,2,3,327
2,29,2,100,2,1,89
4,167,2,100,2,0,3
3,35,1,250,2,14,28
3,207,2,65,3,5,33
4,105,2,250,2,14,1
4,4,1,250,2,10,166
3,96,2,150,1,30,66
2,217,1,150,2,4,4
3,202,2,78,3,0,322
2,109,2,60,2,12,220
2,205,2,100,3,2,96
4,106,2,165,1,0,360
3,96,2,159,1,1,189
3,95,2,70,1,4,260
2,14,2,59,6,12,54
3,120,2,110,2,29,117
3,65,1,250,3,33,80
4,100,2,89,1,5,317
2,191,1,172,1,34,133
3,74,1,225,3,3,68
2,14,3,36,1,16,365
4,12,2,100,1,0,351
3,95,2,100,1,1,363
3,210,1,175,2,2,79
3,95,1,125,2,19,37
2,14,3,35,1,12,86
2,14,1,85,3,34,42
2,52,1,150,3,6,313
2,53,1,195,4,7,136
2,75,1,89,1,22,35
3,95,1,89,2,8,5
2,77,2,130,4,9,365
3,96,1,230,3,13,260
4,169,2,85,2,15,330
3,96,2,112,2,7,1
3,96,2,120,5,0,8
3,179,2,95,1,17,74
2,42,1,125,2,30,243
3,120,1,120,2,10,87
1,156,3,28,1,17,319
3,62,2,60,4,0,51
3,35,1,150,3,2,1
3,62,1,220,3,21,24
3,104,2,125,2,1,335
3,35,2,199,1,0,355
3,96,1,249,5,2,364
2,14,2,50,1,4,349
3,207,2,45,1,4,90
1,193,2,60,1,5,179
3,95,1,120,3,20,55
3,62,2,50,3,5,188
3,207,2,59,2,15,98
4,5,2,47,5,7,236
2,64,2,25,1,25,211
3,203,1,85,3,29,309
3,96,1,163,1,3,155
3,95,2,135,5,1,320
4,80,2,55,1,13,281
3,95,2,52,4,7,54
4,190,1,145,2,7,14
4,164,2,60,3,1,89
2,24,2,45,1,5,351
4,55,2,79,2,0,8
2,86,2,49,1,9,98
4,60,2,40,1,0,318
5,208,2,55,2,30,61
4,165,2,50,2,5,344
3,93,1,195,2,12,90
3,128,1,116,2,28,99
2,129,1,149,2,22,83
2,215,1,149,2,28,2
2,21,1,103,6,0,18
3,95,2,90,4,20,283
3,95,2,100,5,1,260
3,65,2,80,2,31,28
3,138,1,175,2,31,33
3,62,1,98,1,0,25
2,18,2,79,2,2,365
3,120,2,61,5,8,50
3,120,2,99,4,15,191
2,75,1,85,6,14,339
3,95,1,275,4,5,284
3,95,2,46,1,1,179
2,191,2,59,1,17,109
5,162,3,13,1,9,8
1,153,2,75,3,0,81
2,8,1,100,1,8,329
2,215,2,110,2,4,66
3,95,2,80,1,27,302
3,35,1,250,3,0,10
3,192,2,100,1,0,293
3,96,1,180,3,1,17
3,95,1,250,2,1,70
3,35,3,85,2,22,365
4,114,1,125,2,26,21
3,95,3,80,1,29,357
3,128,2,90,1,0,221
2,14,1,90,1,14,55
3,95,1,150,5,17,36
4,55,1,99,2,2,139
2,92,2,70,5,1,78
3,95,3,95,1,2,89
2,14,1,65,1,1,98
1,97,2,70,2,2,348
3,203,1,150,2,11,212
4,4,2,95,1,0,364
4,106,2,72,1,10,175
2,159,1,250,3,27,266
2,215,2,100,6,8,249
2,75,1,95,1,2,362
4,12,2,32,2,7,302
2,29,2,75,1,8,281
4,167,2,80,1,0,72
3,96,2,200,2,13,224
2,215,1,140,2,30,135
3,95,2,60,1,1,157
4,105,1,200,5,1,38
4,5,2,81,1,3,179
3,207,2,50,1,8,53
2,152,2,69,3,0,65
3,203,1,143,3,0,10
4,69,2,38,1,6,36
2,92,2,125,3,6,325
2,215,2,76,1,9,310
4,124,2,55,2,9,180
2,81,1,125,4,7,16
2,29,2,60,1,0,5
2,152,1,200,3,27,336
2,14,2,90,1,5,256
2,14,1,196,5,4,3
2,176,1,225,2,1,364
5,162,2,79,2,21,355
3,93,1,250,4,6,364
1,174,2,62,1,14,229
3,38,1,150,1,0,90
3,120,1,120,2,2,67
2,14,2,100,2,0,31
3,65,1,220,4,1,14
2,14,2,35,1,5,59
1,153,2,47,1,4,167
2,217,1,55,1,5,232
4,105,1,144,2,13,288
2,64,2,80,2,8,41
2,14,3,37,2,10,362
2,215,2,58,2,11,88
3,179,1,160,4,4,21
2,215,2,49,1,6,343
2,29,2,50,2,0,77
2,14,1,40,2,8,10
2,191,1,95,3,13,11
2,75,1,160,3,0,125
3,65,1,122,6,22,15
4,190,1,260,1,15,267
3,35,2,150,3,1,364
2,14,2,60,2,24,360
2,61,2,70,3,3,365
3,128,2,224,3,0,3
2,215,1,200,2,8,5
4,106,2,44,5,8,314
4,30,2,45,3,0,365
3,179,2,150,4,0,42
4,106,1,165,3,24,51
2,163,1,145,1,11,333
2,14,1,180,5,7,35
2,29,2,90,2,14,87
3,35,2,100,1,22,319
4,167,2,45,3,3,179
2,14,3,36,1,9,365
3,95,2,85,1,9,364
3,179,1,107,3,0,6
1,135,2,41,5,21,334
2,29,2,70,2,1,179
3,65,1,175,3,7,110
3,96,2,150,2,31,124
4,5,2,69,4,22,311
3,36,1,165,5,22,316
2,215,1,200,3,0,111
2,163,1,130,2,0,79
2,92,1,155,4,31,24
4,5,2,80,1,7,85
2,29,2,41,4,4,189
4,4,1,150,2,2,309
2,29,2,79,1,13,315
2,53,3,25,1,25,2
4,169,1,200,1,4,124
2,46,1,130,3,15,356
4,78,2,40,2,1,153
3,210,2,89,1,1,365
3,36,1,170,3,22,128
1,43,2,75,2,32,363
2,14,2,58,1,11,345
2,14,2,60,3,0,9
2,14,1,200,2,1,21
3,203,2,88,1,4,7
2,29,2,58,2,13,3
4,190,2,65,2,22,131
4,190,1,179,1,1,321
4,69,2,80,2,8,125
3,116,2,115,5,3,67
3,207,1,70,6,19,188
2,52,3,149,1,0,363
2,160,2,70,3,0,50
4,118,1,225,3,1,314
4,184,1,175,1,17,160
2,61,2,50,2,32,358
2,215,2,75,1,24,201
3,38,2,120,5,5,25
3,65,1,100,2,14,5
3,120,1,250,2,5,4
3,38,1,200,3,3,19
3,202,2,155,1,13,312
4,221,1,125,3,14,42
2,159,1,150,3,28,168
3,128,1,220,3,36,331
3,95,3,20,1,0,2
5,149,2,65,1,1,179
3,36,1,250,5,14,5
2,215,2,85,1,31,279
2,75,2,65,1,4,109
3,35,1,234,2,0,19
3,203,2,179,1,4,270
2,81,3,25,2,8,32
2,82,2,90,2,1,79
3,65,1,200,2,0,314
3,202,1,275,3,11,36
3,210,1,240,1,1,75
2,14,2,72,3,0,365
3,96,1,275,1,5,124
2,215,1,265,3,26,70
2,176,1,120,2,3,103
3,65,1,250,3,24,16
2,31,2,55,1,7,126
2,191,2,49,1,8,164
4,5,2,65,1,4,88
2,52,1,88,3,29,46
4,118,2,79,1,15,350
3,65,2,140,4,0,8
1,40,2,90,2,0,349
2,29,1,135,1,0,331
4,51,2,75,1,26,115
4,5,2,85,1,14,6
2,92,2,115,1,19,345
3,202,2,120,1,1,358
4,190,3,30,3,2,350
2,81,2,125,2,1,87
2,14,1,130,2,9,301
2,52,1,120,2,0,311
3,203,1,120,1,19,65
4,78,2,95,2,2,267
4,69,2,85,2,3,89
2,32,1,199,2,17,31
3,128,1,90,6,6,31
4,190,2,65,1,4,341
3,95,2,70,2,17,27
1,134,2,50,6,0,179
3,35,1,269,1,2,238
2,52,1,200,5,14,96
2,24,1,210,3,0,161
3,203,2,100,1,0,293
2,64,1,195,2,5,347
2,52,2,46,2,0,136
2,29,1,148,1,0,349
4,167,2,69,2,22,16
2,215,1,260,2,34,330
3,120,1,150,3,8,163
4,106,1,115,2,32,265
3,95,2,97,2,13,23
3,210,1,179,3,5,164
3,138,2,120,1,16,9
2,52,2,46,3,12,19
3,113,1,199,5,18,248
2,215,1,139,2,0,134
3,95,2,62,1,1,72
2,215,1,150,4,12,5
3,95,2,85,2,29,78
3,113,2,150,1,1,157
3,95,2,77,1,15,351
4,190,1,160,2,1,310
4,16,2,65,3,10,89
4,190,2,60,2,2,40
4,161,1,99,1,6,15
3,95,2,54,3,0,19
3,96,2,134,2,1,316
3,96,2,105,1,2,89
3,95,2,80,2,18,55
4,167,1,135,5,36,325
2,21,2,80,3,1,179
4,55,2,87,3,3,343
2,14,1,94,4,3,9
2,14,2,100,2,6,365
1,79,2,34,3,7,126
3,104,2,80,1,0,79
4,118,2,139,1,0,359
3,207,2,70,3,10,39
4,167,1,150,1,14,2
3,93,1,250,4,4,43
3,62,2,140,2,1,21
2,14,2,170,5,3,167
2,81,2,120,4,4,291
2,29,1,275,2,0,360
1,25,1,79,2,36,10
2,29,2,58,1,18,179
3,202,1,200,3,0,29
3,120,1,250,4,26,102
4,69,2,30,1,15,135
3,203,1,150,4,5,157
2,92,1,170,2,12,3
2,14,2,85,1,8,364
3,104,2,75,3,1,89
1,79,2,40,2,15,220
2,160,2,40,3,0,11
2,176,2,60,1,4,341
2,29,2,100,2,0,89
2,81,1,240,2,15,66
3,95,2,85,1,21,343
2,14,2,47,3,32,258
3,74,1,231,2,13,331
1,112,2,65,2,0,365
3,202,1,175,2,0,38
2,58,1,250,2,8,29
2,82,2,55,1,34,281
4,105,2,80,2,5,57
3,62,2,125,1,1,87
3,131,1,194,5,29,102
2,215,2,124,1,5,111
3,202,2,145,5,2,365
3,38,1,150,2,8,58
3,210,1,200,4,17,35
3,65,2,149,1,14,264
3,198,1,184,4,22,12
2,14,2,70,3,33,365
3,170,2,43,2,1,50
2,29,1,100,1,4,35
3,192,1,249,1,3,127
3,95,2,35,1,0,89
3,62,2,250,1,0,365
4,167,2,80,1,16,220
3,62,1,110,2,0,25
3,65,3,70,1,4,55
2,52,1,190,1,12,9
3,96,1,199,1,0,36
4,55,1,83,5,13,365
2,92,1,95,1,22,22
2,52,1,120,2,14,298
3,74,1,229,2,7,337
4,78,2,36,1,0,89
1,204,1,150,1,29,24
3,128,3,63,1,18,56
2,215,2,40,4,5,61
4,13,1,80,2,0,87
4,151,1,110,4,6,140
3,65,2,90,6,2,23
3,65,1,150,5,1,249
4,107,1,250,1,13,359
2,14,1,60,1,7,17
2,14,2,81,2,13,164
3,207,1,100,5,15,30
3,202,1,182,2,28,64
2,215,1,180,2,1,10
3,95,2,79,3,19,365
3,207,2,115,6,2,90
2,29,2,44,2,30,322
2,215,2,130,2,10,159
3,210,1,214,1,8,296
2,160,2,35,2,1,364
2,14,1,150,2,18,86
2,92,2,249,3,2,60
4,124,1,200,4,24,157
2,215,2,70,3,12,142
3,203,2,100,1,14,24
2,18,2,85,5,29,58
2,64,1,200,2,30,76
2,8,2,63,2,5,12
2,160,1,200,5,9,166
2,14,2,55,2,7,360
2,160,2,45,3,7,43
4,5,1,85,1,1,27
2,215,2,125,1,2,89
4,165,1,40,2,30,44
2,90,2,40,1,1,335
3,74,1,188,2,6,329
2,81,2,75,3,9,7
3,95,1,100,5,10,177
3,35,1,180,5,1,83
2,52,1,225,4,1,342
3,207,2,82,1,5,311
4,190,1,85,4,3,12
3,62,2,80,2,29,3
1,193,1,125,3,1,365
2,52,2,75,3,0,89
3,87,1,199,2,3,19
2,29,2,61,2,1,307
3,207,2,95,2,32,170
2,215,2,100,3,25,76
2,29,2,100,1,5,88
3,62,2,77,2,20,52
2,14,1,183,3,24,115
3,95,2,80,1,23,323
1,219,2,68,1,6,87
3,207,2,45,3,1,5
2,29,2,59,2,36,218
3,95,2,70,2,8,156
4,5,2,55,1,23,100
3,207,3,42,1,14,363
3,128,1,179,1,9,189
4,80,2,65,1,17,188
3,95,2,80,1,12,357
2,29,2,65,3,13,302
2,92,1,145,3,23,13
2,215,1,245,3,1,257
3,207,2,55,1,22,91
2,42,1,176,5,12,236
2,32,1,115,2,9,32
4,5,2,85,2,13,13
2,14,2,75,1,14,89
2,29,1,89,1,8,305
2,160,1,225,2,32,56
2,29,2,59,3,29,63
2,29,2,72,1,4,180
2,81,2,135,6,0,26
2,29,2,75,1,22,70
3,65,1,160,4,19,343
2,215,2,51,6,5,358
2,8,2,54,1,8,339
2,52,2,50,2,0,29
4,105,2,89,4,2,175
4,78,1,200,1,12,139
4,5,2,59,2,30,132
2,52,2,100,1,0,83
2,42,1,125,2,0,37
2,14,2,250,2,0,365
2,159,1,150,4,0,28
2,61,2,46,3,13,341
3,96,2,199,1,1,362
2,183,2,75,3,14,347
3,128,2,179,1,4,337
2,183,1,163,5,12,192
5,47,2,32,4,30,342
2,29,2,56,2,32,158
2,14,2,84,2,5,364
4,60,2,65,2,0,176
3,95,1,250,5,2,6
2,77,2,129,4,5,365
2,21,2,70,2,0,365
2,92,2,149,3,32,74
4,111,1,105,4,21,352
2,52,2,46,1,8,333
2,29,2,45,2,5,9
2,215,1,130,3,1,2
2,29,2,85,3,3,281
1,67,2,75,3,19,166
3,65,1,175,2,7,38
3,207,2,79,3,0,18
2,215,1,220,2,6,16
2,64,2,117,3,4,85
2,53,2,42,3,28,355
3,210,2,225,1,17,365
3,96,1,215,2,28,6
4,218,2,45,2,8,50
3,131,2,80,1,28,8
2,31,2,60,1,3,86
4,126,1,140,3,35,190
2,64,1,150,2,6,171
1,112,1,189,1,8,354
3,36,2,87,4,9,89
4,60,1,128,1,4,80
4,84,2,50,1,20,38
3,96,2,115,1,22,33
3,95,2,60,1,30,67
2,14,1,250,5,7,215
2,14,2,200,2,2,334
4,12,2,80,1,0,289
4,118,1,120,2,36,48
4,5,1,86,1,6,1
2,61,2,89,1,1,365
3,128,2,100,1,0,321
4,5,3,40,1,17,313
3,128,2,100,1,0,274
2,14,2,40,2,4,350
3,95,1,150,2,11,38
2,14,2,59,4,1,15
2,14,2,51,3,36,32
2,14,2,60,5,11,56
3,65,2,125,1,3,318
3,207,2,99,2,20,24
2,61,2,200,1,2,178
2,129,1,88,2,0,89
3,95,1,99,2,12,6
3,62,1,120,2,0,34
3,95,1,89,5,1,7
4,106,1,80,1,7,304
3,95,2,80,1,18,179
1,133,1,60,2,20,208
2,215,2,110,3,3,269
3,74,1,234,2,12,340
2,82,1,98,5,1,23
2,215,1,101,4,0,27
4,106,2,59,1,21,348
4,106,2,40,1,14,335
3,128,1,198,2,22,8
4,16,2,100,1,1,342
3,207,2,82,2,11,364
3,36,1,150,1,23,14
3,203,2,250,3,11,17
3,95,1,180,2,20,89
2,42,1,135,5,6,317
3,189,2,165,3,9,90
3,202,2,119,3,32,239
2,52,1,130,2,10,96
2,31,1,119,5,0,220
3,202,1,211,3,4,63
4,5,2,50,1,3,318
3,113,3,53,2,2,297
3,35,1,250,3,18,51
3,203,2,228,1,3,341
3,74,1,235,2,5,333
3,96,1,125,3,9,191
2,64,1,120,2,11,62
2,14,1,85,3,3,43
2,215,1,179,5,22,336
2,81,1,175,3,35,289
2,92,1,160,2,14,45
4,105,1,100,4,4,157
3,138,1,200,6,2,341
2,64,2,55,2,0,179
3,202,1,175,3,1,3
2,191,1,120,3,0,320
3,207,1,50,2,16,51
2,14,2,107,2,1,90
3,203,1,199,1,6,62
3,198,2,225,1,1,66
2,191,2,70,1,2,361
2,14,3,30,1,32,83
2,14,1,200,3,4,14
3,93,1,265,3,6,29
2,215,1,260,1,1,88
2,42,1,175,4,5,40
5,181,1,275,4,24,127
2,14,1,150,2,3,34
2,29,2,65,3,5,6
3,95,2,45,4,0,7
4,80,2,45,5,18,80
3,35,2,135,2,2,336
3,95,2,160,3,10,359
3,62,2,90,4,10,24
2,159,1,70,2,0,84
3,62,1,191,3,36,28
2,86,2,75,1,1,82
1,49,2,70,3,3,178
2,92,1,120,3,6,43
3,65,1,155,5,12,2
2,52,2,90,1,3,179
2,75,3,30,3,5,189
2,14,3,36,1,15,365
2,31,1,69,1,31,282
2,191,2,51,1,21,130
2,61,2,75,1,10,365
2,52,2,70,3,6,41
3,95,1,200,1,3,365
4,85,1,114,3,9,3
3,128,1,150,2,13,69
5,56,2,65,1,9,35
2,215,1,195,6,6,14
3,203,1,234,1,27,51
4,5,1,200,1,0,2
3,145,1,199,2,3,36
3,7,1,158,2,20,2
3,207,2,55,2,2,86
2,61,2,95,1,6,350
2,29,1,99,1,5,57
4,114,1,75,1,31,361
3,207,2,64,1,16,249
3,146,1,250,2,0,2
3,202,2,89,5,16,80
2,14,2,55,2,27,346
2,14,2,63,1,3,306
3,93,1,250,3,22,244
3,95,2,75,2,1,22
3,62,2,90,2,2,168
3,65,2,169,3,0,14
3,95,1,115,3,18,255
2,215,2,57,2,3,29
5,41,2,40,2,4,37
2,29,2,50,3,2,97
4,126,2,70,2,6,156
5,188,2,80,1,4,29
1,49,1,159,1,0,89
3,74,1,160,2,3,8
2,42,1,175,2,0,6
3,93,1,225,5,10,91
3,62,2,140,1,0,180
4,5,2,45,1,6,342
3,65,2,83,2,2,15
2,81,2,159,2,1,327
3,203,1,225,3,3,330
4,5,2,65,2,27,59
2,152,1,125,5,2,9
4,55,2,50,6,11,358
2,75,2,95,1,12,179
3,131,2,125,1,27,80
3,207,1,150,5,9,286
2,75,1,85,3,12,97
2,152,1,245,3,3,35
2,77,1,200,1,28,265
2,64,1,110,3,9,36
2,14,2,46,3,1,81
2,29,2,150,3,1,26
4,5,2,95,1,0,177
2,52,1,137,3,5,266
2,152,1,175,6,2,67
2,75,1,150,4,27,29
2,14,2,34,5,34,7
2,215,1,105,5,8,8
2,160,2,70,1,0,189
2,61,3,45,2,0,88
2,14,2,81,1,3,175
2,75,2,50,3,2,27
2,14,2,140,1,0,364
2,14,1,140,3,18,134
2,20,2,250,1,1,365
3,35,2,90,3,2,53
3,95,1,130,2,35,41
4,85,2,50,2,18,63
3,202,1,250,2,11,358
2,21,2,40,1,36,63
3,203,2,100,1,1,1
2,14,3,79,2,2,90
3,120,2,150,1,16,20
2,29,2,48,1,18,189
3,74,1,228,2,9,317
3,104,2,57,4,0,4
3,203,2,150,2,27,63
2,29,1,120,4,1,15
2,191,2,43,1,11,146
2,14,2,30,1,13,268
3,65,2,140,2,35,28
5,47,2,30,4,26,359
3,113,1,125,4,1,181
1,137,2,30,2,14,176
2,75,2,50,4,2,27
4,126,2,70,2,20,224
2,29,1,80,1,0,213
2,32,1,129,3,1,21
3,95,2,69,2,2,365
2,29,2,70,1,3,319
3,96,2,150,1,7,88
2,52,1,85,3,2,19
4,151,2,60,1,0,364
4,12,2,99,1,3,322
2,14,2,40,1,4,365
4,5,1,120,3,0,32
4,55,2,52,1,5,188
3,36,2,85,1,12,339
4,5,2,60,2,6,333
4,60,2,90,1,7,73
2,64,1,100,5,0,180
3,207,2,99,2,16,283
3,128,1,185,2,3,43
2,215,2,95,3,24,5
3,120,1,185,3,1,1
2,8,2,40,6,3,62
2,215,2,65,2,3,89
3,96,1,269,4,6,277
2,29,2,40,5,1,250
4,218,2,66,1,0,365
4,106,2,50,1,36,359
2,215,2,91,1,13,85
4,118,2,79,1,8,360
3,128,1,250,1,9,89
2,215,2,115,1,2,89
2,14,2,72,1,12,358
1,39,2,60,4,30,179
3,128,1,180,4,11,1
3,128,1,276,2,0,206
3,104,2,100,1,0,365
2,61,2,89,2,0,365
2,75,2,50,2,2,77
3,210,1,200,4,2,66
3,74,1,230,2,6,297
3,95,2,120,1,7,89
5,47,3,29,1,0,2
2,215,2,80,3,1,84
2,82,1,130,4,4,324
2,81,1,150,3,4,15
1,103,2,70,2,1,342
3,128,1,185,4,15,7
3,146,1,176,2,0,324
2,31,1,225,2,11,305
2,14,2,29,3,5,18
2,14,1,95,4,20,14
2,75,2,91,3,33,90
2,14,1,130,5,7,4
3,35,1,181,1,0,4
2,183,2,78,3,24,28
2,64,1,100,2,4,96
2,29,2,50,3,0,86
2,29,2,69,4,5,98
2,14,2,52,4,1,325
4,78,2,55,5,0,132
4,69,2,49,2,21,311
2,215,2,86,2,28,365
2,29,2,70,1,22,331
2,42,2,200,3,2,365
2,77,2,30,2,13,292
3,95,2,60,2,1,71
3,65,1,250,4,0,141
3,35,1,129,1,19,5
2,92,1,150,6,1,154
1,97,2,80,1,1,2
2,52,1,50,4,8,220
2,29,2,79,1,20,285
2,58,2,90,1,0,189
2,52,1,119,2,27,154
3,192,2,180,2,1,31
2,29,1,159,1,12,259
2,29,2,106,1,2,5
2,14,2,95,2,3,11
3,128,2,252,2,3,324
2,215,2,70,1,34,132
3,146,1,200,2,7,252
2,53,2,60,1,1,89
3,35,1,229,3,2,206
2,152,1,125,4,23,262
2,160,1,150,2,9,6
2,14,2,60,3,4,316
2,14,1,200,2,1,6
2,92,2,77,2,15,12
3,120,2,260,2,0,23
3,128,1,200,6,0,176
3,95,1,199,2,0,71
3,210,1,250,3,5,255
4,69,1,60,1,23,144
2,21,2,48,1,2,169
3,95,1,110,4,20,227
2,81,3,200,1,0,9
3,62,1,102,1,0,11
2,215,1,140,2,19,216
2,29,1,120,2,8,1
3,202,1,16,2,21,9
2,14,1,250,3,22,314
2,61,2,50,1,8,89
2,14,1,150,2,33,80
4,5,1,135,2,19,310
4,167,2,75,1,11,68
3,74,2,125,1,13,132
4,151,2,60,2,35,205
2,14,2,89,2,1,365
2,52,1,140,2,1,87
2,14,2,70,3,12,189
2,29,2,130,2,6,356
2,29,2,60,1,4,220
2,14,2,200,1,13,23
3,95,2,55,5,2,24
2,29,2,75,2,1,88
3,36,1,125,4,31,7
2,191,2,50,3,0,158
2,29,2,40,4,0,36
3,96,3,55,1,0,2
4,164,3,110,1,5,56
3,36,1,105,2,15,160
2,14,1,80,2,35,36
2,61,1,125,3,15,227
2,29,2,60,1,9,81
2,215,2,75,2,10,177
2,14,1,150,1,3,312
4,60,1,239,3,12,266
2,92,1,122,5,3,189
3,120,1,170,5,1,4
2,29,2,50,1,0,19
2,160,1,69,3,16,6
2,29,2,64,3,1,178
4,5,1,190,5,1,55
1,201,2,40,3,26,365
2,14,1,225,4,5,365
2,20,1,160,5,10,8
3,203,2,175,2,0,66
3,128,2,70,3,6,233
4,190,2,65,2,0,341
2,29,2,90,5,7,133
2,82,2,68,5,2,55
3,203,1,195,6,11,200
4,186,2,125,1,0,179
3,96,1,170,1,5,26
3,120,2,80,1,0,323
2,82,2,65,3,19,337
2,52,1,150,3,36,332
3,95,1,110,1,0,180
2,215,2,67,2,9,345
2,183,1,111,2,6,12
4,78,1,98,1,34,55
3,93,2,99,2,21,268
2,52,2,90,2,24,30
2,8,1,200,2,5,161
2,20,2,250,5,0,50
2,29,2,65,1,8,3
4,69,2,75,1,1,364
2,64,2,65,3,2,179
1,134,2,80,1,0,365
3,95,2,95,1,4,270
3,203,2,85,2,26,16
3,95,2,69,2,15,116
2,29,2,100,3,26,170
3,96,1,100,1,0,4
3,95,2,86,3,1,310
3,210,1,190,1,25,158
3,116,3,100,1,20,354
3,65,2,169,4,29,220
3,207,1,90,4,0,83
2,29,2,60,3,1,72
4,5,3,36,1,10,313
2,215,2,75,2,2,188
4,124,2,40,1,0,156
3,203,1,150,1,24,27
5,187,1,150,1,23,336
2,19,2,100,5,0,89
2,54,1,219,3,16,332
2,215,1,150,2,4,12
4,5,2,50,3,1,341
3,74,2,139,3,15,338
3,95,2,100,2,15,326
2,29,1,100,1,3,4
2,215,1,175,2,0,81
3,120,1,200,4,16,56
2,14,1,165,3,0,152
2,215,1,200,5,5,35
2,14,1,130,3,18,1
3,35,2,85,1,23,362
2,215,2,66,1,4,36
2,29,2,59,1,12,358
3,203,1,150,5,0,74
2,14,2,50,3,0,25
2,215,2,90,2,18,280
4,165,2,65,1,17,157
3,95,3,65,1,1,365
3,36,1,200,2,5,298
3,202,2,125,1,16,80
2,160,1,200,2,4,11
2,81,1,115,2,4,95
3,120,2,75,4,9,34
2,29,2,49,4,4,8
4,164,1,75,1,2,1
2,29,1,225,2,0,85
4,161,1,60,3,25,143
4,80,2,70,1,34,93
2,31,1,80,3,15,365
3,202,1,199,3,10,365
3,210,1,120,5,17,28
2,14,2,79,2,9,136
2,14,2,55,1,2,365
3,96,1,199,3,12,17
2,29,1,135,3,7,117
3,207,1,235,1,0,338
1,97,2,10,1,0,180
3,65,2,85,1,0,15
3,95,3,45,2,15,96
4,55,2,49,2,25,4
3,35,1,249,4,0,45
3,95,1,133,4,23,5
2,129,2,80,1,0,330
2,14,2,80,3,22,96
3,96,1,200,2,22,155
4,105,2,37,2,34,126
2,29,2,60,2,36,64
3,95,2,75,1,20,192
2,215,2,200,4,9,89
2,14,2,75,1,19,289
2,159,1,128,3,13,2
3,120,1,110,5,3,1
4,106,1,250,1,0,90
3,207,1,250,3,6,46
4,221,2,83,2,0,126
2,14,1,250,1,4,10
1,148,2,58,5,0,180
3,120,1,250,1,13,213
3,146,2,120,1,9,179
2,29,1,90,2,19,53
3,36,1,150,3,7,11
3,203,2,230,1,2,252
4,172,2,55,2,12,355
3,95,2,50,2,2,321
1,79,2,55,3,0,89
4,106,2,50,1,4,337
3,202,1,150,5,21,189
2,191,1,175,2,6,18
2,215,1,175,3,9,11
3,207,1,66,1,12,5
3,95,2,209,1,1,244
3,202,2,150,5,5,267
1,79,2,47,1,2,236
2,14,1,100,3,4,6
3,74,2,160,3,24,352
2,160,1,94,4,1,7
2,14,1,110,1,20,19
2,52,1,150,3,25,64
2,14,2,40,2,24,1
2,191,2,50,2,12,41
4,221,1,189,2,10,62
3,96,2,129,1,2,363
3,93,1,150,3,33,107
4,5,1,74,5,3,52
2,14,2,65,4,36,80
4,69,3,21,1,21,260
3,95,2,40,1,22,105
4,5,2,50,4,0,38
5,47,3,30,4,1,68
4,78,2,45,1,1,83
4,5,2,80,5,16,29
3,146,1,89,1,15,34
4,172,2,67,5,0,90
3,96,2,140,3,3,45
2,14,2,45,2,7,82
2,191,2,28,1,31,1
3,95,1,150,5,14,16
3,202,2,190,1,15,63
3,131,2,150,3,0,364
2,215,1,200,3,9,2
2,14,2,45,5,8,247
3,96,2,100,1,1,156
3,202,2,80,1,32,27
2,81,1,107,1,0,49
4,124,1,149,2,0,327
1,33,2,38,2,0,177
4,13,1,120,1,23,189
3,146,1,240,1,19,121
4,124,2,50,1,0,62
2,215,2,66,2,6,173
2,14,2,40,2,8,14
2,32,1,130,2,0,16
3,96,1,180,2,0,3
1,211,2,28,1,26,123
3,203,1,165,1,2,346
3,95,2,150,1,2,87
3,65,2,80,2,1,87
4,69,2,57,1,20,156
2,81,1,275,6,8,9
2,8,2,60,2,9,31
4,55,2,90,3,17,340
4,221,2,90,1,27,365
4,78,2,40,1,10,205
3,65,1,150,3,6,4
2,29,2,59,1,1,148
2,215,1,150,2,11,330
4,78,2,65,1,11,126
4,80,1,90,1,6,83
2,14,2,96,2,2,103
4,106,1,160,1,3,359
2,29,2,75,2,4,76
3,95,2,150,1,0,8
3,95,1,90,4,5,7
1,132,2,240,1,0,363
3,128,1,240,2,12,304
2,29,2,37,4,0,36
3,95,2,64,2,15,48
4,106,2,47,3,29,126
3,87,1,175,4,2,3
3,96,2,166,1,1,345
3,65,1,190,1,1,365
3,95,2,90,2,17,177
2,159,2,200,2,16,357
2,152,2,60,3,22,6
2,14,2,52,2,13,320
3,95,2,69,2,0,365
2,52,2,90,3,1,56
4,118,2,89,1,0,321
2,75,1,110,3,2,108
3,95,2,80,1,1,86
2,14,2,109,3,19,360
2,52,2,25,4,7,174
4,165,1,89,3,29,313
3,120,1,200,3,8,319
4,169,1,140,2,9,36
2,14,2,58,2,8,171
4,108,2,100,3,0,179
3,96,3,75,1,2,362
2,215,1,110,4,5,1
4,107,2,57,1,6,65
4,51,2,110,1,1,357
4,167,1,99,2,9,164
3,210,2,120,2,12,35
2,14,2,55,2,6,79
2,61,2,75,3,11,330
3,62,2,50,3,0,41
3,62,1,100,2,16,8
2,29,2,43,2,17,68
3,210,1,250,3,30,18
4,55,2,85,2,2,278
2,215,2,100,2,0,61
2,160,1,70,1,3,4
3,192,1,175,3,5,83
3,203,1,195,2,1,3
3,128,2,252,2,3,327
3,113,1,199,1,5,85
3,95,3,44,1,25,6
3,95,2,100,1,0,39
3,203,2,175,4,11,63
4,5,2,70,1,19,172
2,61,2,70,4,0,16
2,24,1,150,5,8,179
1,79,2,39,3,0,170
3,95,1,73,4,11,6
2,14,1,179,1,18,323
4,78,2,80,1,15,137
3,95,2,65,1,11,365
2,86,2,100,5,0,91
2,14,1,88,2,8,18
3,202,1,220,1,0,32
3,36,2,110,3,2,66
3,74,1,199,1,3,324
2,176,1,110,2,16,276
2,29,1,230,2,2,274
2,14,2,65,2,16,222
1,204,2,50,1,19,32
2,215,2,85,2,34,74
2,215,1,150,2,0,235
2,81,1,160,4,2,34
4,167,1,80,1,0,163
3,96,2,119,3,1,30
3,96,2,179,1,18,364
2,24,1,110,2,8,248
4,184,1,175,2,19,147
2,215,2,82,1,25,64
4,172,1,150,2,3,364
1,39,2,55,3,0,140
3,128,2,172,1,18,85
3,35,1,200,4,31,291
5,71,2,49,2,0,144
3,74,1,255,2,4,215
2,52,2,43,6,5,301
2,29,2,45,2,3,318
3,35,1,175,4,30,48
3,65,2,250,1,2,178
3,65,2,100,1,24,91
3,207,2,35,1,25,80
3,95,2,110,1,1,157
4,9,2,90,3,8,324
2,14,2,42,5,3,23
2,29,2,65,2,31,125
3,95,2,80,4,1,365
3,65,1,175,3,6,18
3,202,1,250,1,12,323
3,65,2,125,2,16,18
5,212,1,103,3,1,189
4,69,2,49,1,3,35
3,95,1,136,2,15,6
3,96,1,200,2,6,20
3,96,1,200,5,2,15
3,96,1,180,3,2,2
2,52,2,35,2,0,224
2,14,2,70,2,0,291
2,81,1,150,3,4,1
2,61,1,200,3,1,357
3,207,2,40,2,11,16
2,75,2,40,1,7,61
4,69,3,65,2,1,365
3,120,2,75,3,0,21
3,96,1,190,2,5,10
3,210,1,200,3,26,67
2,61,1,125,2,22,82
2,14,2,55,1,33,298
2,8,2,30,3,0,27
2,215,2,89,1,2,16
3,74,1,230,2,6,327
2,29,2,63,3,19,160
2,29,2,65,2,28,204
3,62,2,49,3,8,16
4,221,2,75,1,0,138
2,215,1,185,1,2,130
3,35,2,235,1,34,135
2,160,1,128,2,2,133
2,29,2,63,6,3,187
4,186,2,67,1,12,365
4,165,2,50,2,20,347
3,35,1,205,4,17,44
4,84,1,114,2,7,359
2,61,2,47,4,27,317
3,210,2,220,1,2,364
3,65,1,200,2,8,188
2,61,2,75,3,10,123
3,62,1,156,3,8,51
3,128,1,210,3,21,209
3,207,2,87,4,34,31
2,52,2,75,2,25,365
3,128,1,165,2,4,188
3,65,1,130,3,1,4
2,61,2,81,2,4,364
3,96,1,220,5,5,1
2,61,2,47,4,21,320
3,202,1,190,2,1,9
3,96,1,185,4,23,230
2,14,1,91,2,16,10
2,215,1,143,5,2,9
2,217,1,85,3,12,5
3,62,2,110,1,35,90
5,3,1,199,1,1,81
4,218,1,199,5,2,338
3,62,1,160,1,11,21
4,190,3,30,3,2,327
1,200,2,75,1,1,365
3,210,1,176,3,13,64
2,92,2,75,3,0,23
4,80,1,70,1,29,225
1,119,1,60,1,9,257
3,65,2,195,1,12,85
3,120,1,110,6,5,12
2,52,2,75,2,2,158
4,5,2,70,3,1,36
4,164,2,54,2,10,319
4,213,2,85,1,0,365
2,152,2,220,2,9,251
3,203,2,60,3,4,16
4,55,2,105,1,0,89
5,41,1,100,2,5,312
2,215,2,85,2,22,36
2,215,2,80,4,9,36
3,95,1,112,3,4,24
3,96,2,109,2,7,10
2,81,1,275,4,1,146
3,65,2,100,6,10,200
4,118,3,65,4,1,1
2,75,2,40,2,4,260
2,183,2,95,1,2,364
4,78,2,78,1,17,82
2,14,2,40,5,8,289
2,152,1,108,3,15,8
2,29,2,50,1,3,250
3,192,2,100,1,0,283
4,4,2,95,1,31,361
3,35,1,175,4,5,8
3,192,1,249,5,0,117
4,124,1,159,5,25,299
2,215,1,251,1,17,340
2,152,1,120,2,23,4
3,93,2,78,4,0,13
4,69,2,42,2,6,292
1,119,2,55,2,31,280
2,215,2,70,4,7,364
2,14,2,75,2,22,308
3,96,1,195,5,11,14
4,105,2,100,1,1,179
3,95,2,100,2,21,79
4,167,2,180,1,0,76
3,95,2,149,2,13,185
2,14,1,110,4,5,50
2,86,1,240,2,22,280
3,202,1,100,2,21,16
3,95,2,82,1,22,96
3,203,2,120,5,11,134
2,64,2,48,2,0,329
2,129,1,155,4,1,7
3,192,2,100,1,0,317
2,215,1,250,3,31,13
4,51,3,40,2,10,356
3,35,2,115,1,9,172
3,65,1,150,2,20,2
4,165,2,78,1,14,356
2,183,2,60,5,7,56
3,128,1,133,6,22,5
2,191,1,260,4,2,3
3,35,2,180,1,2,158
4,5,1,115,1,30,85
3,203,1,175,2,17,27
2,215,2,75,1,2,260
3,146,1,182,2,11,30
4,118,1,199,2,6,316
3,96,1,160,3,8,1
3,95,2,90,1,23,254
3,95,2,85,2,15,75
2,14,3,35,1,16,346
3,207,2,79,4,2,16
2,21,3,35,1,0,352
4,105,2,50,2,9,365
2,14,1,120,2,26,22
2,31,2,98,3,0,361
3,95,2,125,3,14,121
3,65,2,95,3,23,229
1,185,2,60,3,8,326
1,48,2,100,1,2,177
3,138,1,140,3,1,3
4,186,2,55,5,28,365
4,4,2,75,2,3,79
1,193,1,80,1,0,1
2,29,2,65,1,35,52
2,215,2,75,2,6,307
2,215,2,85,6,7,19
4,218,1,140,3,0,232
3,210,1,250,2,2,98
3,95,1,148,2,8,334
3,138,1,257,2,8,108
3,62,2,99,3,25,127
4,184,2,70,1,5,365
2,14,2,95,1,21,260
3,93,1,200,5,1,36
3,35,1,180,3,26,53
1,135,1,120,2,26,260
2,52,2,70,5,3,9
2,130,1,85,3,25,139
2,215,1,128,2,13,27
3,65,1,230,3,12,4
3,199,2,80,1,9,42
3,104,2,70,1,1,312
2,81,1,115,2,1,16
3,202,1,250,4,2,297
3,203,1,185,2,16,261
3,95,2,85,1,2,7
3,113,1,219,1,18,292
2,215,2,55,2,26,156
2,14,2,65,3,5,341
1,150,2,80,2,20,188
3,207,2,75,2,34,222
2,52,1,100,2,0,87
3,202,2,78,3,11,116
4,126,1,124,2,1,161
3,202,2,75,4,15,21
3,202,1,120,1,16,2
2,75,3,29,2,5,321
2,61,2,54,2,0,336
3,95,1,104,1,18,34
4,4,3,37,1,0,148
2,32,1,130,4,9,70
2,29,2,37,2,8,1
2,215,1,250,5,0,318
2,14,1,275,3,0,365
2,215,1,180,4,0,23
3,207,2,90,1,33,189
3,96,2,150,6,0,51
4,80,1,250,5,0,53
3,62,2,130,4,31,8
2,29,2,50,1,1,328
3,203,1,125,5,5,7
3,36,3,53,1,7,58
4,84,2,55,1,24,32
2,160,2,58,1,8,158
3,179,2,100,1,1,270
2,29,2,110,5,0,358
2,14,2,30,3,7,2
3,62,2,113,1,12,90
4,105,2,70,2,0,188
3,62,1,199,2,5,177
2,160,1,140,5,7,14
3,128,2,120,1,28,17
2,31,2,45,1,7,68
2,14,2,55,5,8,270
3,207,2,50,1,10,71
2,53,2,68,2,5,365
3,203,2,93,1,27,190
2,64,2,150,2,1,362
2,29,1,190,2,0,11
2,20,1,160,4,4,14
3,198,1,220,3,15,84
4,124,2,38,3,15,163
3,138,1,231,2,5,82
3,65,1,90,4,4,5
2,183,2,90,2,15,91
2,21,3,50,3,1,177
2,215,1,99,3,0,14
2,14,2,75,1,0,137
2,29,2,70,3,8,67
4,55,2,90,2,8,87
4,164,2,70,1,2,127
2,58,1,100,2,0,69
3,62,2,72,5,21,165
2,29,1,135,2,10,88
3,95,1,220,2,1,214
3,113,1,225,1,1,221
2,191,2,59,1,36,352
4,106,2,70,1,3,174
4,55,2,55,3,13,36
3,65,2,180,3,5,31
2,14,1,140,3,12,66
3,104,2,50,2,7,155
4,5,1,149,2,35,362
3,95,2,140,1,4,350
3,96,2,149,5,13,123
4,78,2,48,4,11,168
2,24,2,95,1,7,342
3,96,3,80,1,19,52
2,32,1,200,2,7,45
1,193,2,40,4,34,37
2,27,2,100,1,3,2
2,176,2,53,2,9,357
2,8,1,200,2,1,179
2,8,2,75,1,14,154
3,95,1,140,1,5,3
3,113,2,209,3,7,317
1,197,2,38,2,33,327
3,138,1,240,2,8,105
3,35,2,150,1,4,1
2,176,3,30,2,2,28
4,100,1,165,1,0,323
2,159,2,75,1,1,188
2,75,2,180,1,22,89
2,92,1,128,4,17,9
4,69,1,145,1,0,110
3,62,2,60,1,35,94
2,58,1,225,1,15,87
3,95,1,198,2,2,154
2,52,2,50,2,24,47
2,26,1,120,3,2,1
1,147,1,105,2,27,328
4,80,2,70,2,6,288
2,160,2,75,2,10,52
2,191,2,55,3,31,345
3,120,1,200,2,24,6
3,128,1,245,2,0,79
2,14,1,255,6,12,66
3,95,1,114,1,2,104
3,203,2,150,1,28,364
3,95,1,150,5,29,260
2,61,1,100,2,29,318
3,74,1,229,2,3,340
2,14,1,180,3,1,158
4,190,2,55,4,0,69
3,202,1,115,4,26,16
2,75,1,90,3,7,5
2,52,3,25,2,1,167
2,14,1,175,4,4,196
2,75,1,98,2,27,168
2,183,1,125,1,27,18
3,202,1,250,5,7,155
2,14,2,81,2,9,128
3,74,1,229,2,7,327
4,60,1,165,2,32,55
2,92,2,90,2,1,63
4,5,1,130,4,17,347
4,151,1,100,1,15,326
3,120,2,85,2,14,357
2,183,1,130,6,4,5
2,163,1,120,2,1,157
4,184,2,95,1,2,365
4,106,2,75,1,5,281
2,215,1,175,4,2,71
2,52,1,165,3,2,263
3,128,1,276,2,1,192
2,159,1,215,3,33,156
3,202,3,69,1,0,164
3,96,1,135,2,21,5
3,87,1,90,1,11,89
3,95,1,188,3,4,253
4,55,2,85,3,10,88
3,95,2,100,3,6,349
4,106,1,129,2,3,348
4,221,2,40,1,22,332
4,80,2,150,2,1,365
2,191,2,58,2,10,232
2,215,2,90,1,11,58
2,215,2,146,2,8,88
3,74,1,236,2,10,319
2,215,1,200,3,29,144
2,14,2,170,2,0,164
2,86,2,139,1,6,358
3,202,2,98,1,10,327
2,29,2,35,3,0,3
2,191,2,65,2,12,262
2,92,2,145,2,21,64
3,95,2,55,3,2,353
1,125,1,99,2,11,107
2,14,1,119,3,11,24
2,27,2,65,1,9,320
2,77,1,170,2,3,180
4,4,2,99,3,1,95
3,210,1,179,5,32,41
2,32,1,200,2,6,23
5,144,1,119,2,17,175
2,215,1,53,3,4,29
2,215,2,215,2,4,341
4,60,2,39,1,8,210
4,105,2,100,1,3,350
2,215,1,188,5,5,101
1,67,2,75,3,1,311
4,4,1,95,2,6,348
3,87,1,189,1,11,312
4,221,2,65,3,23,354
3,104,2,65,3,36,249
2,52,1,95,4,3,4
3,62,2,96,3,1,365
2,191,1,150,4,22,123
2,14,1,125,2,13,1
2,14,1,180,2,13,303
3,207,2,250,3,11,345
4,167,2,47,1,4,28
3,207,1,125,5,18,1
3,202,1,225,5,16,364
3,93,1,175,2,25,64
4,5,1,144,2,19,18
2,14,2,65,1,5,158
2,215,2,190,1,30,365
2,160,2,70,1,12,119
2,215,1,88,4,6,1
3,36,1,149,4,12,203
3,128,1,240,4,1,19
1,135,2,68,1,16,347
3,74,1,215,2,1,346
2,14,2,80,2,23,257
2,42,2,108,4,21,12
3,138,1,210,2,14,13
4,30,2,55,3,0,365
2,24,1,105,2,6,332
4,190,1,129,3,7,280
2,61,1,63,1,0,19
2,215,2,68,2,5,4
2,215,1,150,3,8,9
4,124,2,60,1,30,364
2,29,2,80,3,0,13
2,29,2,64,1,0,83
3,96,2,199,1,17,347
4,55,2,42,3,11,244
5,208,2,80,1,29,80
1,1,2,142,1,29,48
2,14,2,65,2,22,289
4,55,2,52,1,32,355
2,14,1,100,2,5,149
2,14,2,60,1,7,129
2,14,2,70,3,13,48
3,35,1,225,2,0,9
1,135,2,70,1,0,87
2,58,2,111,2,2,6
2,14,2,100,2,0,89
2,14,2,65,1,11,260
2,14,1,200,2,11,269
1,153,3,36,1,0,71
3,179,1,185,3,26,42
2,52,1,140,1,3,13
2,215,1,100,1,23,173
4,165,2,100,2,0,160
3,207,1,170,5,24,121
3,203,1,150,1,7,2
2,129,2,89,2,5,365
2,81,2,89,1,24,72
3,192,2,100,1,0,307
2,64,1,160,2,22,48
2,215,1,80,2,18,12
2,61,2,47,1,4,63
4,5,1,75,2,0,14
3,65,1,260,3,24,26
4,165,2,80,1,11,179
2,29,2,47,5,21,56
2,215,2,59,5,0,67
2,75,2,45,1,9,129
5,102,1,100,2,11,259
2,19,1,85,3,31,122
2,215,2,120,2,0,89
2,29,2,90,1,2,29
2,29,1,199,1,5,178
3,65,1,169,1,16,50
2,215,1,150,2,4,1
3,210,2,80,4,10,26
2,215,2,50,2,6,2
2,14,3,30,2,32,85
4,221,2,65,3,0,65
3,62,2,150,1,0,26
3,203,2,130,1,9,79
2,14,1,118,3,20,33
2,52,1,97,6,0,101
2,159,1,175,2,8,3
3,36,2,67,1,0,39
3,62,2,116,3,17,42
3,87,1,215,1,1,188
2,14,1,125,3,17,80
2,61,1,90,1,5,361
2,92,2,75,1,35,306
2,52,1,250,3,0,365
4,23,1,105,1,4,208
3,203,1,148,2,18,1
3,96,2,100,1,35,82
3,202,2,125,1,24,188
3,104,1,95,3,22,251
1,153,3,26,1,18,342
3,35,2,109,3,26,18
2,19,1,115,4,9,50
2,152,2,125,5,26,292
2,14,2,95,1,22,36
3,202,1,199,5,6,11
2,92,1,92,4,3,95
3,104,2,100,1,7,324
4,106,1,64,3,6,37
3,210,1,154,3,3,19
3,95,2,100,3,0,362
2,52,1,90,3,3,7
2,32,2,80,2,13,160
2,52,1,102,3,7,4
4,100,2,55,2,0,363
2,75,2,120,2,0,83
3,207,2,80,3,1,112
2,160,2,70,1,5,37
3,120,1,125,3,25,28
3,128,1,260,2,7,276
2,42,1,130,3,15,41
1,135,1,145,3,1,48
2,92,2,65,2,15,65
2,52,1,70,2,15,18
4,118,1,134,2,9,163
2,29,2,75,1,24,250
2,20,1,140,4,2,77
4,106,2,50,1,13,358
2,32,1,180,2,29,45
2,75,2,60,2,0,175
3,96,1,239,2,7,22
2,14,1,115,2,6,6
4,5,1,175,4,12,42
2,215,2,75,4,6,55
3,113,1,150,1,5,23
3,36,1,100,3,3,301
2,26,1,151,5,4,27
4,5,3,60,3,28,248
3,210,2,150,3,2,34
3,74,2,80,3,34,83
2,215,2,89,4,4,128
4,118,2,85,1,10,365
2,61,2,90,1,10,365
2,215,2,125,2,4,364
3,74,1,194,2,8,318
3,74,1,228,2,2,350
4,78,2,55,1,0,79
2,14,2,63,1,4,240
2,14,2,65,2,8,175
3,65,1,150,4,2,3
2,29,1,200,3,1,5
2,31,2,45,3,23,327
5,188,2,57,1,7,365
2,215,2,55,1,25,364
3,104,2,100,3,8,165
3,95,2,75,4,5,80
2,52,1,85,5,9,7
2,82,1,99,2,28,69
4,5,2,50,3,33,282
2,29,2,63,3,2,365
2,14,2,118,1,29,288
3,35,1,149,2,9,129
4,118,1,120,6,25,346
3,131,2,60,2,11,188
3,203,2,195,1,1,36
3,207,1,120,2,1,210
2,215,1,110,4,0,354
3,113,3,35,2,2,353
2,29,2,60,2,10,18
4,106,1,63,3,14,257
2,21,2,75,2,25,129
3,210,1,265,2,19,5
2,215,1,200,4,15,95
2,53,3,25,1,26,23
2,14,2,45,2,5,257
2,42,2,175,2,9,17
3,62,2,80,3,1,213
2,86,1,150,4,9,6
3,65,1,175,4,2,16
2,14,2,60,2,25,349
1,148,1,130,5,0,89
3,95,2,50,5,8,188
2,31,2,50,1,6,281
2,14,1,139,2,9,57
3,210,1,245,5,13,50
2,14,2,65,3,2,365
2,163,1,200,2,17,81
4,5,2,50,1,28,175
3,202,1,150,3,13,61
2,14,2,99,3,20,90
2,54,1,225,2,1,88
1,66,1,115,1,6,364
2,29,2,55,1,36,26
3,96,1,250,1,34,20
5,158,2,118,1,0,353
2,152,1,175,2,11,246
3,62,1,180,4,24,3
3,74,1,221,2,10,354
2,14,2,75,1,15,52
3,104,1,85,1,2,188
2,52,1,87,3,32,72
3,65,2,99,1,9,30
4,218,2,50,1,6,273
1,97,2,65,2,0,296
2,52,2,45,2,17,14
2,215,2,199,1,2,346
4,12,1,120,2,7,41
3,179,2,115,1,31,1
2,215,1,150,2,11,364
4,5,1,160,6,2,19
3,96,2,107,1,19,156
1,39,2,80,2,1,156
2,14,1,120,4,26,10
3,146,1,200,3,21,124
3,207,2,35,2,1,359
3,62,2,67,2,28,179
1,206,2,50,2,20,117
2,14,2,80,4,1,325
3,207,2,150,2,3,365
3,62,1,130,3,3,128
3,74,1,244,2,1,258
3,203,1,175,2,4,142
2,29,1,250,1,7,5
3,192,2,195,1,9,9
2,24,2,38,3,16,175
2,160,1,120,3,3,16
3,95,2,120,3,3,295
4,69,2,180,1,3,88
4,118,2,119,1,0,333
3,113,1,200,2,5,338
5,194,1,135,3,2,36
2,29,2,69,1,1,170
2,29,2,95,2,23,361
2,75,2,40,3,20,131
2,21,3,31,5,7,365
2,14,2,68,1,1,127
2,14,2,70,3,36,281
3,95,2,50,1,13,168
2,191,2,55,1,7,140
3,95,2,80,1,2,356
3,95,2,150,2,3,364
4,218,2,42,1,16,121
4,5,1,169,1,0,28
1,206,2,60,1,1,269
3,35,2,219,1,4,356
3,36,1,200,1,5,11
2,14,2,85,1,1,12
3,62,2,85,3,4,90
4,55,2,45,6,25,307
3,36,1,150,4,8,255
2,14,2,50,2,22,8
2,176,2,61,2,3,1
3,96,1,209,1,1,32
2,215,2,65,2,20,179
2,52,2,100,3,2,163
2,29,1,99,3,9,42
2,31,1,168,1,10,83
3,95,1,170,3,3,180
4,5,1,250,3,1,180
1,63,2,70,1,1,81
3,113,1,220,3,0,24
2,29,2,65,1,25,7
4,167,2,44,5,1,192
2,160,1,59,1,9,288
2,215,1,225,3,9,2
3,95,2,150,2,12,184
2,215,2,165,3,0,89
2,14,2,54,2,19,220
3,95,1,99,2,0,18
3,96,1,200,1,1,364
2,6,2,50,4,36,316
3,179,2,150,3,30,4
3,95,1,175,2,34,75
2,183,2,47,1,4,362
3,95,2,60,1,5,5
2,29,1,150,4,11,8
4,5,2,80,1,21,313
3,120,1,140,2,7,27
3,95,2,73,1,4,24
2,29,2,95,2,20,191
3,95,1,125,3,26,67
3,35,2,130,2,32,355
2,75,2,80,1,18,78
2,215,1,150,2,9,1
2,61,2,175,2,6,61
3,202,2,130,5,3,180
2,32,1,160,4,2,4
4,105,1,79,2,8,336
3,203,2,75,1,19,58
2,215,1,165,4,10,49
4,186,1,125,1,9,344
3,207,2,75,2,25,198
2,215,1,161,2,21,2
2,8,1,175,1,27,276
2,215,2,60,6,3,254
2,14,2,49,2,10,313
2,44,1,200,2,4,22
2,14,1,90,1,14,63
3,74,2,250,3,1,365
3,96,3,75,1,3,365
2,52,2,58,4,1,332
2,215,2,90,2,11,83
2,52,2,67,3,29,365
3,65,1,235,2,28,8
4,114,2,75,1,0,180
3,138,1,155,5,14,29
2,109,2,56,3,1,47
3,128,2,100,1,0,311
3,65,1,185,2,32,26
2,75,1,125,2,31,64
2,109,2,40,2,20,6
3,35,1,251,5,26,14
3,96,1,200,2,9,140
3,113,1,180,4,5,184
3,95,2,69,2,1,365
2,29,2,57,2,23,114
3,113,2,60,2,15,188
2,81,2,110,2,0,66
2,14,1,67,2,12,332
2,215,1,180,2,2,23
3,203,2,90,3,0,24
2,215,1,99,4,16,86
4,221,1,98,2,15,337
2,21,1,199,4,4,37
2,92,1,99,2,12,64
4,186,1,47,3,0,3
2,215,1,235,5,13,153
4,5,3,40,1,18,165
3,207,2,50,2,8,52
2,29,1,125,3,27,41
1,180,2,42,2,23,109
2,14,2,50,2,17,89
2,176,2,65,1,5,352
1,153,2,45,1,23,54
2,152,1,270,3,6,12
3,96,2,105,1,14,241
2,53,1,100,2,11,179
2,14,2,50,4,1,23
1,17,2,69,1,3,359
2,52,2,99,1,4,342
3,199,2,85,1,15,356
2,52,2,75,1,5,65
1,112,2,100,5,0,40
3,65,1,151,3,10,7
3,62,1,170,1,1,20
3,95,2,99,1,10,31
3,128,1,120,1,7,232
2,29,2,58,2,0,57
2,160,1,163,3,16,154
2,61,2,90,1,30,244
3,128,3,85,1,5,83
3,35,1,199,1,0,362
3,62,2,113,2,13,1
2,31,2,25,2,36,144
2,75,2,35,4,2,157
2,92,2,126,2,15,105
4,55,2,80,1,5,358
4,78,2,40,3,3,66
3,120,3,80,2,12,89
1,79,2,149,1,0,363
3,207,2,160,3,6,123
3,62,2,75,2,13,325
2,215,1,165,5,0,20
3,202,2,120,1,2,311
3,113,2,100,2,11,20
3,207,2,55,1,5,332
2,42,3,40,1,3,350
1,79,2,35,5,3,62
3,74,2,115,2,4,177
3,207,2,50,4,21,34
2,14,2,50,2,2,8
3,120,2,70,1,1,50
2,14,2,58,2,4,168
3,65,2,108,2,36,51
2,92,1,185,4,0,176
2,176,2,59,6,15,147
3,203,2,250,1,1,281
2,92,2,99,6,0,54
3,192,2,200,5,4,365
2,14,2,55,2,6,89
4,190,1,101,3,4,110
3,62,2,125,1,11,341
3,207,2,47,5,4,272
1,214,2,45,3,33,325
3,62,2,68,2,31,265
2,52,1,100,3,6,250
3,104,2,40,4,1,81
3,74,1,200,1,13,1
4,118,2,79,2,15,37
1,1,2,33,1,0,179
2,14,2,58,2,6,213
3,207,3,35,1,25,55
2,14,1,108,5,9,99
3,96,2,62,2,19,331
3,62,2,100,2,0,365
2,92,1,70,5,2,26
3,62,2,100,2,10,66
4,72,1,145,1,3,311
2,42,1,219,4,21,31
3,95,1,65,2,32,16
3,95,2,50,1,1,116
4,124,2,70,1,2,188
3,62,3,75,1,1,365
2,53,1,110,2,29,63
4,51,3,37,1,26,365
4,161,2,65,1,15,349
3,179,1,183,2,35,294
2,14,2,60,1,3,176
2,32,2,225,3,1,178
5,127,1,115,2,2,231
3,74,1,227,2,6,328
1,39,2,43,3,0,341
2,215,1,89,2,1,266
3,128,1,220,2,9,283
4,5,2,79,3,26,144
2,14,2,55,2,22,297
3,202,1,219,1,29,338
3,93,2,125,3,7,63
2,152,1,175,4,31,254
2,61,1,199,4,0,13
3,202,1,150,6,11,174
2,183,1,254,2,8,365
2,14,2,60,3,3,197
2,29,2,67,5,34,102
2,29,2,65,1,1,188
2,86,2,80,2,18,189
4,221,2,70,1,0,5
4,167,2,50,1,22,59
2,81,2,95,2,2,164
3,96,1,199,3,21,228
3,113,3,44,2,3,324
2,14,3,35,1,13,89
3,62,1,200,4,5,303
2,77,2,69,2,15,329
3,202,1,175,3,1,103
1,119,2,80,1,2,255
4,118,2,62,5,2,43
3,202,1,145,2,33,267
